id,skupina_preiskovanca,rs677830,rs2296616,rs1011784,rs1799971
1,K,0,0,0,1
2,K,0,1,0,0
3,K,0,1,1,0
4,K,0,1,1,1
5,K,1,0,0,0
6,K,1,0,1,1
7,K,2,1,0,0
8,K,0,0,0,1
9,K,1,1,0,0
10,K,0,1,1,1
11,K,0,1,1,0
12,K,0,0,0,0
13,K,2,0,0,0
14,K,0,0,1,0
15,K,1,2,0,0
16,K,0,0,1,1
17,K,0,1,1,0
18,K,0,0,0,0
19,K,1,1,2,0
20,K,0,1,1,0
21,K,0,2,0,0
22,K,0,1,0,0
23,K,1,1,0,0
24,K,0,2,1,0
25,K,1,1,0,0
26,K,1,2,1,0
27,K,1,0,0,0
28,K,0,1,0,1
29,K,2,1,0,0
30,K,0,0,0,0
31,K,1,0,2,1
32,K,0,0,0,0
33,K,0,1,1,0
34,K,0,1,0,0
35,K,1,1,1,0
36,K,0,0,0,0
37,K,1,2,2,0
38,K,0,0,0,0
39,K,1,1,0,0
40,K,0,0,0,1
41,K,0,1,1,0
42,K,0,1,0,0
43,K,1,0,0,0
44,K,0,1,1,1
45,K,0,0,2,0
46,K,0,2,0,0
47,K,0,0,0,0
48,K,1,1,0,0
49,K,2,1,0,0
50,K,2,1,0,0
51,K,0,0,0,0
52,K,0,2,0,1
53,K,1,1,0,0
54,K,0,0,0,0
55,K,0,1,1,0
56,K,0,1,0,0
57,K,1,1,0,0
58,K,0,2,1,0
59,K,1,0,1,0
60,K,0,1,1,1
61,K,0,0,0,1
62,K,1,1,0,0
63,K,0,2,1,0
64,K,1,2,1,0
65,K,0,0,0,1
66,K,0,0,0,0
67,K,1,1,1,1
68,K,1,2,1,1
69,K,0,1,2,0
70,K,0,1,0,0
71,K,0,1,1,1
72,K,0,0,0,0
73,K,2,0,1,0
74,K,0,2,0,0
75,K,1,1,1,0
76,K,1,2,0,0
77,K,0,2,2,0
78,K,1,2,1,1
79,K,1,0,1,0
80,K,0,1,0,0
81,K,0,0,1,0
82,K,1,0,0,0
83,K,0,2,0,1
84,K,0,0,1,1
85,K,0,2,2,0
86,K,1,0,1,0
87,K,1,2,0,0
88,K,1,0,0,1
89,K,0,2,1,0
90,K,0,1,2,0
91,A,1,1,0,0
92,A,0,2,0,0
93,A,1,0,0,0
94,A,0,0,1,0
95,A,1,0,0,0
96,A,0,2,0,0
97,A,0,0,0,0
98,A,1,1,0,0
99,A,1,1,0,0
100,A,1,1,1,1
101,A,0,2,0,0
102,A,1,1,0,0
103,A,0,2,1,2
104,A,1,1,1,0
105,A,1,1,0,0
106,A,0,1,2,0
107,A,0,0,0,0
108,A,0,1,0,1
109,A,1,0,0,0
110,A,1,1,1,0
111,A,2,0,1,1
112,A,1,0,1,0
113,A,0,0,0,0
114,A,0,1,1,0
115,A,0,1,1,0
116,A,1,1,0,0
117,A,0,0,0,1
118,A,1,1,1,0
119,A,0,1,0,0
120,A,0,0,0,1
121,A,0,2,0,1
122,A,1,0,1,0
123,A,1,0,0,0
124,A,1,2,0,0
125,A,1,0,1,0
126,A,0,1,2,0
127,A,0,1,1,0
128,A,0,0,1,0
129,A,1,1,0,0
130,A,2,2,1,0
131,A,1,0,1,0
132,A,1,1,2,0
133,A,1,1,1,0
134,A,0,1,0,0
135,A,0,2,1,1
136,A,0,2,0,1
137,A,1,0,1,0
138,A,1,1,1,0
139,A,0,1,0,0
140,A,0,1,0,1
141,A,2,1,1,0
142,A,0,0,0,1
143,A,0,2,1,0
144,A,1,0,1,0
145,A,1,0,0,1
146,A,0,0,0,1
147,A,2,0,0,0
148,A,2,1,0,0
149,A,0,2,0,0
150,A,1,0,2,0
151,A,0,0,0,1
152,A,1,1,2,0
153,A,0,0,1,0
154,A,1,0,0,0
155,A,0,0,0,0
156,A,0,1,2,0
157,A,2,2,1,0
158,A,0,0,1,0
159,A,0,2,1,0
160,H,0,1,0,1
161,H,0,0,1,0
162,H,1,2,1,0
163,H,1,1,0,1
164,H,2,1,2,0
165,H,1,0,1,0
166,H,0,1,0,0
167,H,1,1,1,0
168,H,0,1,1,0
169,H,1,1,0,0
170,H,1,1,0,0
171,H,1,1,0,0
172,H,0,2,0,1
173,H,0,1,2,0
174,H,1,1,1,0
175,H,0,0,2,0
176,H,0,1,1,0
177,H,1,2,0,0
178,H,1,0,1,0
179,H,1,2,0,0
180,H,0,2,1,0
181,H,0,2,1,0
182,H,0,2,1,0
183,H,1,2,0,0
184,H,2,0,0,0
185,H,0,0,0,0
186,H,2,2,0,0
187,H,2,1,0,0
188,H,0,0,2,1
189,H,2,0,1,0
190,H,1,1,1,0
191,H,2,0,0,0
192,H,0,0,0,1
193,H,0,1,1,0
194,H,0,1,2,2
195,H,2,0,2,0
196,H,1,1,0,0
197,H,0,0,1,0
198,H,0,1,0,0
199,H,0,1,1,0
200,H,1,0,0,0
201,H,1,0,1,0
202,H,0,1,1,0
203,H,1,1,1,0
204,H,0,0,0,0
205,H,0,1,1,0
206,H,0,1,1,0
207,H,1,0,1,0
208,H,0,0,1,0
209,H,2,1,1,0
210,H,1,1,0,0
211,H,2,1,0,0
212,H,0,1,1,2
213,H,1,1,0,0
214,H,0,1,0,0
215,H,1,0,0,0
216,H,1,0,0,0
217,H,0,1,0,0
218,H,1,0,0,0
219,H,1,0,0,0
220,H,1,0,1,0
221,H,0,0,0,0
222,H,0,0,1,1
223,H,0,0,0,1
224,H,1,1,1,1
225,H,0,2,0,1
226,H,1,0,0,0
227,H,1,1,0,0
228,H,0,0,0,0
229,H,0,0,0,0
230,H,1,0,1,0
231,H,0,1,1,1
232,H,0,1,0,1
233,H,0,2,0,0
234,H,0,2,1,0
235,H,1,0,1,0
236,H,0,0,1,1
237,H,1,0,0,0
238,H,1,0,1,0
239,H,0,0,1,0
240,H,1,0,0,0
241,H,0,1,1,0
242,H,0,1,0,0
243,H,0,1,0,0
244,H,0,1,1,0
245,H,2,1,0,0
246,H,1,1,0,0
